emoji,makna
ğŸ˜´,Wajah Tertidur
ğŸ¤¤,Meneteskan Air Liur
ğŸ˜·,Wajah Ditutupi Masker
ğŸ¤’,Wajah dengan Termometer
ğŸ¤•,Wajah Diperban
ğŸ¤¢,Wajah Menahan Muntah
ğŸ¤®,Wajah Muntah
ğŸ¤§,Wajah Bersin
ğŸ¥µ,Wajah Kepanasan
ğŸ¥¶,Wajah Kedinginan
ğŸ¥´,Wajah Mabuk
ğŸ˜µ,Wajah Pusing
ğŸ¤¯,Kepala Meledak
ğŸ¤ ,Wajah Koboi
ğŸ¥³,Wajah Berpesta
ğŸ˜,Tersenyum dengan Kacamata Hitam
ğŸ¤“,Wajah dengan Kacamata
ğŸ§,Wajah Kacamata Satu Lensa
ğŸ˜•,Wajah Bingung
ğŸ˜Ÿ,Wajah Khawatir
â˜¹ï¸,Wajah Cemberut
ğŸ˜®,Wajah dengan Mulut Terbuka
ğŸ˜¯,Wajah Meminta Diam
ğŸ˜²,Wajah Takjub
ğŸ˜³,Wajah Tersipu Malu
ğŸ¥º,Wajah Memohon
ğŸ˜¦,Cemberut dengan Mulut Terbuka
ğŸ˜§,Merasa Menderita
ğŸ˜¨,Wajah Ketakutan
ğŸ˜°,Gelisah dan Berkeringat
ğŸ˜¥,Kecewa Namun Lega
ğŸ˜¢,Wajah Menangis
ğŸ˜­,Wajah Menangis Keras
ğŸ˜±,Berteriak Ketakutan
ğŸ˜–,Merasa Sial
ğŸ˜£,Wajah Berusaha Keras
ğŸ˜,Wajah Kecewa
ğŸ˜“,Wajah Sedih Berkeringat
ğŸ˜©,Wajah Lelah Emosional
ğŸ˜«,Wajah Lelah Fisik
ğŸ˜¤,Mengeluarkan Nafas dari Hidung
ğŸ˜¡,Wajah Marah Merah
ğŸ˜ ,Wajah Marah
ğŸ¤¬,Wajah Serius dengan Simbol di Mulut
ğŸ˜ˆ,Tersenyum dengan Tanduk
ğŸ‘¿,Marah dengan Tanduk
ğŸ’€,Tengkorak
â˜ ï¸,Tengkorak dan Tulang Bersilang
ğŸ’©,Tumpukan Kotoran
ğŸ¤¡,Wajah Badut
ğŸ‘¹,Raksasa Jepang
ğŸ‘º,Goblin
ğŸ‘»,Hantu
ğŸ‘½,Alien
ğŸ‘¾,Monster Alien Video Game
ğŸ¤–,Wajah Robot
ğŸ˜º,Kucing Menyeringai
ğŸ˜¸,Kucing Tersenyum dengan Mulut Terbuka dan Mata Tertutup
ğŸ˜¹,Kucing Tertawa Sampai Menangis
ğŸ˜»,Kucing Tersenyum dengan Mata Hati
ğŸ˜¼,Kucing Berwajah Masam
ğŸ˜½,Kucing Mencium dengan Mata Tertutup
ğŸ™€,Kucing Lelah Emosional
ğŸ˜¿,Kucing Menangis
ğŸ˜¾,Kucing Marah
ğŸ’‹,Tanda Ciuman
ğŸ‘‹,Tangan Melambai
ğŸ¤šPunggung,Tangan
âœ‹,Mengangkat Tangan
ğŸ–ï¸,Telapak Tangan Terbuka
ğŸ––,Salam Vulcan
ğŸ‘Œ,Gestur Oke
âœŒï¸,Dua Jari
ğŸ¤,Jari Diapit
ğŸ¤Ÿ,Gestur Metal
ğŸ¤˜,Gestur Tanduk
ğŸ¤™,Gestur Telepon
ğŸ‘ˆ,Tangan Menunjuk ke Kiri
ğŸ‘‰,Tangan Menunjuk ke Kanan
ğŸ‘†,Tangan Menunjuk ke Atas
ğŸ‘‡,Tangan Menunjuk ke Bawah
ğŸ–•,Jari Tengah
â˜ï¸,Jari Telunjuk
ğŸ‘,Jempol ke Atas
ğŸ‘,Jempol ke Bawah
âœŠ,Kepalan Tangan Diangkat
ğŸ‘Š,Kepalan Tangan Mendekat
ğŸ¤›,Kepalan Tangan ke Kiri
ğŸ¤œ,Kepalan Tangan ke Kanan
ğŸ‘,Bertepuk Tangan
ğŸ™Œ,Tangan Terangkat
ğŸ‘,Tangan Terbuka
ğŸ¤²,Tangan Menadah
ğŸ¤,Bersalaman
ğŸ™,Tangan Berdoa
âœï¸,Tangan Menulis
ğŸ’…,Mengecat Kuku
ğŸ¤³,Selfie
ğŸ’ª,Lengan Berotot
ğŸ¦µ,Kaki
ğŸ¦¶,Telapak Kaki
ğŸ§ ,Otak
ğŸ¦·,Gigi
ğŸ¦´,Tulang
ğŸ‘€,Mata Menyamping
ğŸ‘ï¸,Mata
ğŸ‘…,Lidah
ğŸ‘„,Bibir
ğŸ‘‚,Telinga
ğŸ‘ƒ,Hidung
ğŸ‘¶,Wajah Bayi
ğŸ§’,Anak Kecil
ğŸ‘¦,Anak Laki-laki
ğŸ‘§,Anak Perempuan
ğŸ§‘,Orang Dewasa
ğŸ‘±,Pria Berambut Pirang
ğŸ‘¨,Laki-laki
ğŸ§”,Pria Berjenggot
ğŸ‘©,Perempuan
ğŸ‘¨â€ğŸ¦°,Pria Berambut Merah
ğŸ‘¨â€ğŸ¦±,Pria Berambut Keriting
ğŸ‘¨â€ğŸ¦³,Pria Berambut Putih
ğŸ‘¨â€ğŸ¦²,Pria Botak
ğŸ‘±â€â™€ï¸,Wanita Berambut Pirang
ğŸ‘©â€ğŸ¦°,Wanita Berambut Merah
ğŸ‘©â€ğŸ¦±,Wanita Berambut Keriting
ğŸ‘©â€ğŸ¦³,Wanita Berambut Putih
ğŸ‘©â€ğŸ¦²,Perempuan Botak
ğŸ§“,Orang Tua
ğŸ‘´,Pria Tua
ğŸ‘µ,Wanita Tua
ğŸ™,Orang Mengerutkan Dahi
ğŸ™â€â™€ï¸,Wanita Mengerutkan Dahi
ğŸ™â€â™‚ï¸,Pria Mengerutkan Dahi
ğŸ™,Orang Cemberut
ğŸ™â€â™‚ï¸,Pria Cemberut
ğŸ™â€â™€ï¸,Wanita Cemberut
ğŸ™…,Orang dengan Gestur Menolak
ğŸ™…â€â™‚ï¸,Pria dengan Gestur Menolak
ğŸ™…â€â™€ï¸,Wanita dengan Gestur Menolak
ğŸ™†,Orang dengan Gestur Setuju
ğŸ™†â€â™‚ï¸,Pria dengan Gestur Setuju
ğŸ™†â€â™€ï¸,Wanita dengan Gestur Setuju
ğŸ’,Orang Menadahkan Tangan
ğŸ’â€â™‚ï¸,Pria Menadahkan Tangan
ğŸ’â€â™€ï¸,Wanita Menadahkan Tangan
ğŸ™‹,Orang Mengangkat Tangan
ğŸ™‹â€â™‚ï¸,Pria Mengangkat Tangan
ğŸ™‹â€â™€ï¸,Wanita Mengangkat Tangan
ğŸ™‡,Orang Menunduk
ğŸ™‡â€â™‚ï¸,Pria Menunduk
ğŸ™‡â€â™€ï¸,Wanita Menunduk
ğŸ¤¦,Orang dengan Gestur Facepalm
ğŸ¤¦â€â™‚ï¸,Pria dengan Gestur Facepalm
ğŸ¤¦â€â™€ï¸,Wanita dengan Gestur Facepalm
ğŸ¤·,Orang Mengangkat Bahu
ğŸ¤·â€â™‚ï¸,Pria Mengangkat Bahu
ğŸ¤·â€â™€ï¸,Wanita Mengangkat Bahu
ğŸ‘¨â€âš•ï¸,Dokter Pria
ğŸ‘©â€âš•ï¸,Dokter Wanita
ğŸ‘¨â€ğŸ“,Pelajar Pria
ğŸ‘©â€ğŸ“,Pelajar Wanita
ğŸ‘¨â€ğŸ«,Guru Pria
ğŸ‘©â€ğŸ«,Guru Wanita
ğŸ‘¨â€âš–ï¸,Hakim Pria
ğŸ‘©â€âš–ï¸,Hakim Perempuan
ğŸ‘¨â€ğŸŒ¾,Petani Pria
ğŸ‘©â€ğŸŒ¾,Petani Wanita
ğŸ‘¨â€ğŸ³,Juru Masak Pria
ğŸ‘©â€ğŸ³,Juru Masak Wanita
ğŸ‘¨â€ğŸ”§,Ahli Mesin Pria
ğŸ‘©â€ğŸ”§,Ahli Mesin Wanita
ğŸ‘¨â€ğŸ­,Pekerja Pabrik Pria
ğŸ‘©â€ğŸ­,Pekerja Pabrik Wanita
ğŸ‘¨â€ğŸ’¼,Karyawan Kantor Pria
ğŸ‘©â€ğŸ’¼,Karyawan Kantor Wanita
ğŸ‘¨â€ğŸ”¬,Ilmuwan Pria
ğŸ‘©â€ğŸ”¬,Ilmuwan Wanita
ğŸ‘¨â€ğŸ’»,Ahli IT Pria
ğŸ‘©â€ğŸ’»,Ahli IT Wanita
ğŸ‘¨â€ğŸ¤,Penyanyi Pria
ğŸ‘©â€ğŸ¤,Penyanyi Wanita
ğŸ‘¨â€ğŸ¨,Seniman Pria
ğŸ‘©â€ğŸ¨,Seniman Wanita
ğŸ‘¨â€âœˆï¸,Pilot Pria
ğŸ‘©â€âœˆï¸,Pilot Wanita
ğŸ‘¨â€ğŸš€,Astronot Pria
ğŸ‘©â€ğŸš€,Astronot Wanita
ğŸ‘¨â€ğŸš’,Pemadam Kebakaran Pria
ğŸ‘©â€ğŸš’,Pemadam Kebakaran Wanita
ğŸ‘®,Polisi
ğŸ‘®â€â™‚ï¸,Polisi Pria
ğŸ‘®â€â™€ï¸,Polisi Wanita
ğŸ•µï¸,Detektif
ğŸ•µï¸â€â™‚ï¸,Detektif Pria
ğŸ•µï¸â€â™€ï¸,Detektif Wanita
ğŸ’‚,Penjaga
ğŸ’‚â€â™‚ï¸,Pria Penjaga
ğŸ’‚â€â™€ï¸,Wanita Penjaga
ğŸ‘·,Pekerja Konstruksi
ğŸ‘·â€â™‚ï¸,Pekerja Konstruksi Pria
ğŸ‘·â€â™€ï¸,Pekerja Konstruksi Perempuan
ğŸ¤´,Pangeran
ğŸ‘¸,Putri
ğŸ‘³,Orang Memakai Sorban
ğŸ¤°,Perempuan Hamil
ğŸ‘°,Pengantin Wanita dengan Tudung Pengantin
ğŸ¤µ,Laki-Laki Memakai Tuksedo
ğŸ‘²,Laki-Laki dengan Kopiah
ğŸ¤±,Menyusui
ğŸ…,Sinterklas
ğŸ‘¼,Bayi Malaikat
ğŸ¤¶,Nyonya Sinterklas
ğŸ¦¸,Pahlawan Super
ğŸ¦¸â€â™‚ï¸,Pahlawan Super Laki-Laki
ğŸ¦¸â€â™€ï¸,Pahlawan Super Perempuan
ğŸ¦¹,Penjahat
ğŸ¦¹â€â™‚ï¸,Penjahat Laki-Laki
ğŸ¦¹â€â™€ï¸,Penjahat Perempuan
ğŸ§™,Penyihir
ğŸ§™â€â™‚ï¸,Penyihir Laki-Laki
ğŸ§™â€â™€ï¸,Penyihir Perempuan
ğŸ§šâ€â™€ï¸,Peri Perempuan
ğŸ§š,Peri
ğŸ§›,Vampir
ğŸ§›â€â™‚ï¸,Vampir Laki-Laki
ğŸ§›â€â™€ï¸,Vampir Perempuan
ğŸ§œâ€â™€ï¸,Putri Duyung
ğŸ§œ,Manusia Duyung
ğŸ§,Jin
ğŸ§â€â™‚ï¸,Jin Laki-Laki
ğŸ§â€â™€ï¸,Jin Perempuan
ğŸ§â€â™€ï¸,Kurcaci Perempuan
ğŸ’†,Orang Dipijat
ğŸ§Ÿ,Zombie
ğŸ§Ÿâ€â™‚ï¸,Zombie Laki-Laki
ğŸ§Ÿâ€â™€ï¸,Zombie Perempuan
ğŸ’†â€â™‚ï¸,Laki-Laki Dipijat
ğŸ’†â€â™€ï¸,Perempuan Dipijat
ğŸ’‡,Orang Potong Rambut
ğŸ’‡â€â™‚ï¸,Laki-Laki Potong Rambut
ğŸ’‡â€â™€ï¸,Perempuan Potong Rambut
ğŸ§œâ€â™‚ï¸,Putra Duyung
ğŸ§šâ€â™‚ï¸,Peri Laki-Laki
ğŸ§,Kurcaci
ğŸ§â€â™‚ï¸,Kurcaci Laki-Laki
ğŸš¶,Orang Berjalan Kaki
ğŸš¶â€â™‚ï¸,Laki-Laki Berjalan Kaki
ğŸš¶â€â™€ï¸,Perempuan Berjalan Kaki
ğŸƒ,Orang Berlari
ğŸƒâ€â™‚ï¸,Laki-Laki Berlari
ğŸƒâ€â™€ï¸,Perempuan Berlari
ğŸ’ƒ,Perempuan Menari
ğŸ•º,Laki-Laki Menari
ğŸ•´ï¸,Pria Berjas Melayang
ğŸ‘¯â€â™€ï¸,Wanita dengan Telinga Kelinci
ğŸ‘¯,Orang-Orang dengan Telinga Kelinci
ğŸ‘¯â€â™‚ï¸,Pria dengan Telinga Kelinci
ğŸ§–,Orang di Kamar Sauna
ğŸ§–â€â™€ï¸,Wanita di Kamar Sauna
ğŸ§–â€â™‚ï¸,Pria di Kamar Sauna
ğŸ§˜,Orang dalam Posisi Lotus
ğŸ‘«,Laki-Laki dan Perempuan Berpegangan Tangan
ğŸ‘­,Perempuan Berpegangan Tangan
ğŸ‘¬,Laki-Laki Berpegangan Tangan
ğŸ’,Cium
ğŸ‘¨â€â¤ï¸â€ğŸ’‹â€ğŸ‘¨,"Cium: Pria, Pria"
ğŸ‘©â€â¤ï¸â€ğŸ’‹â€ğŸ‘©,"Cium: Wanita, Wanita"
ğŸ’‘,Pasangan dengan Hati
ğŸ‘©â€â¤ï¸â€ğŸ‘©,"Pasangan dengan Hati: Wanita, Wanita"
ğŸ‘¨â€â¤ï¸â€ğŸ‘¨,"Pasangan dengan Hati: Pria, Pria"
ğŸ‘ª,Keluarga
ğŸ‘¨â€ğŸ‘©â€ğŸ‘§,"Keluarga: Laki-Laki, Perempuan, Anak Perempuan"
ğŸ‘¨â€ğŸ‘©â€ğŸ‘¦,"Keluarga: Laki-Laki, Perempuan, Anak Laki-Laki"
ğŸ‘¨â€ğŸ‘©â€ğŸ‘§â€ğŸ‘¦,"Keluarga: Laki-Laki, Perempuan, Anak Perempuan, Anak Laki-Laki"
ğŸ‘¨â€ğŸ‘©â€ğŸ‘¦â€ğŸ‘¦,"Keluarga: Laki-Laki, Perempuan, Anak Laki-Laki, Anak Laki-Laki"
ğŸ‘¨â€ğŸ‘©â€ğŸ‘§â€ğŸ‘§,"Keluarga: Laki-Laki, Perempuan, Anak Perempuan, Anak Perempuan"
ğŸ‘¨â€ğŸ‘¨â€ğŸ‘¦,"Keluarga: Pria, Pria, Anak Laki-Laki"
ğŸ‘¨â€ğŸ‘¨â€ğŸ‘§,"Keluarga: Pria, Pria, Anak Perempuan"
ğŸ‘¨â€ğŸ‘¨â€ğŸ‘¦â€ğŸ‘¦,"Keluarga: Pria, Pria, Anak Laki-Laki, Anak Laki-Laki"
ğŸ‘¨â€ğŸ‘¨â€ğŸ‘§â€ğŸ‘§,"Keluarga: Pria, Pria, Anak Perempuan, Anak Perempuan"
ğŸ‘¨â€ğŸ‘¨â€ğŸ‘§â€ğŸ‘¦,"Keluarga: Pria, Pria, Anak Perempuan, Anak Laki-Laki"
ğŸ‘©â€ğŸ‘©â€ğŸ‘§â€ğŸ‘¦,"Keluarga: Perempuan, Perempuan, Anak Perempuan, Anak Laki-Laki"
ğŸ‘©â€ğŸ‘©â€ğŸ‘¦,"Keluarga: Perempuan, Perempuan, Anak Laki-Laki"
ğŸ‘©â€ğŸ‘©â€ğŸ‘¦â€ğŸ‘¦,"Keluarga: Perempuan, Perempuan, Anak Laki-Laki, Anak Laki-Laki"
ğŸ‘©â€ğŸ‘©â€ğŸ‘§â€ğŸ‘§,"Keluarga Perempuan, Perempuan, Anak Perempuan, Anak Perempuan"
ğŸ‘¨â€ğŸ‘§â€ğŸ‘¦,"Keluarga: Laki-Laki, Anak Perempuan, Anak Laki-Laki"
ğŸ‘¨â€ğŸ‘¦â€ğŸ‘¦,"Keluarga: Laki-Laki, Anak Laki-Laki, Anak Laki-Laki"
ğŸ‘¨â€ğŸ‘§,"Family: Laki-Laki, Anak Perempuan"
ğŸ‘¨â€ğŸ‘¦,"Keluarga: Laki-Laki, Anak Laki-Laki"
ğŸ‘¨â€ğŸ‘§â€ğŸ‘§,"Keluarga: Laki-Laki, Anak Perempuan, Anak Perempuan"
ğŸ‘³â€â™‚ï¸,Laki-Laki Memakai Sorban
ğŸ‘³â€â™€ï¸,Perempuan Memakai Sorban
ğŸ‘©â€ğŸ‘¦,"Keluarga: Perempuan, Anak Laki-Laki"
ğŸ‘¥,Siluet Potret-Potret Sampai Dada
ğŸ‘¤,Siluet Potret Sampai Dada
ğŸ—£ï¸,Kepala Berbicara
ğŸ‘©â€ğŸ‘§â€ğŸ‘§,"Keluarga: Perempuan, Anak Perempuan, Anak Perempuan"
ğŸ‘©â€ğŸ‘§,"Keluarga: Perempuan, Anak Perempuan"
ğŸ‘©â€ğŸ‘¦â€ğŸ‘¦,"Keluarga: Perempuan, Anak Laki-Laki, Anak Laki-Laki"
ğŸ‘©â€ğŸ‘§â€ğŸ‘¦,"Keluarga: Perempuan, Anak Perempuan, Anak Laki-Laki"
ğŸ‘£,Jejak Kaki
ğŸŒ‚,Payung Tertutup
â˜‚ï¸,Payung
ğŸ‘“,Kacamata
ğŸ•¶ï¸,Kacamata Hitam
ğŸ¥½,Kacamata Selam
ğŸ¥¼,Jas Laboratorium
ğŸ‘”,Dasi
ğŸ‘•,Kaos
ğŸ‘–,Jeans
ğŸ§¤,Sarung Tangan
ğŸ§£,Syal
ğŸ§¥,Mantel
ğŸ§¦,Kaos Kaki
ğŸ‘—,Gaun
ğŸ‘˜,Kimono
ğŸ‘™,Bikini
ğŸ‘š,Pakaian Wanita
ğŸ‘›,Dompet Koin
ğŸ‘œ,Tas Tangan
ğŸ‘,Tas Dompet
ğŸ’,Ransel
ğŸ‘,Sepatu Pria
ğŸ‘Ÿ,Sepatu Lari
ğŸ¥¾,Sepatu Hiking
ğŸ¥¿,Sepatu Teplek
ğŸ‘ ,Sepatu Hak Tinggi
ğŸ‘¡,Sandal Wanita
ğŸ‘¢,Sepatu Boot Wanita
ğŸ‘‘,Mahkota
ğŸ‘’,Topi Wanita
ğŸ©,Topi Tinggi
ğŸ“,Topi Wisuda
ğŸ§¢,Topi
â›‘ï¸,Helm Petugas Penyelamat
ğŸ’„,Lipstik
ğŸ’,Cincin
ğŸ’¼,Tas Kantor
ğŸ§µ,Benang
ğŸ§¶,Benang Rajut
ğŸ˜€,Wajah Menyeringai
ğŸ˜ƒ,Wajah Tersenyum dengan Mulut Terbuka
ğŸ˜„,Tersenyum dengan Mulut Terbuka dan Mata Tertutup
ğŸ˜,Wajah Berseri-seri dengan Mata Tertutup
ğŸ˜†,Wajah Tertawa Sambil Menyipitkan Mata
ğŸ˜…,Wajah Tersenyum dan Berkeringat
ğŸ¤£,Tertawa Sampai Terguling
ğŸ˜‚,Wajah Tertawa Sampai Menangis
ğŸ™‚,Wajah Tersenyum Kecil
ğŸ™ƒ,Wajah Tersenyum Terbalik
ğŸ˜‰,Senyum dengan Mata Berkedip
ğŸ¥°,Tersenyum Malu Dihiasi Hati
ğŸ˜,Wajah Tersenyum dengan Mata Hati
ğŸ¤©,Tersenyum dengan Mata Bintang
ğŸ˜˜,Mencium dengan Hembusan Hati
ğŸ˜—,Wajah Mencium
â˜ºï¸,Tersenyum dengan Pipi Kemerahan
ğŸ˜š,Mencium dengan Mata Tertutup
ğŸ˜™,Mencium dengan Mata Tersenyum
ğŸ˜‹,Wajah Menikmati Makanan
ğŸ˜›,Wajah dengan Lidah Menjulur Keluar
ğŸ˜œ,Mata Berkedip dengan Lidah Menjulur
ğŸ¤ª,Wajah Konyol
ğŸ˜,Menyipitkan Mata Sambil Menjulurkan Lidah
ğŸ¤‘,Wajah Uang
ğŸ¤—,Wajah Memeluk
ğŸ¤­,Tangan Menutupi Mulut
ğŸ¤«,Jangan Berisik
ğŸ¤”,Wajah Berpikir
ğŸ¤,Mulut Tertutup Resleting
ğŸ¤¨,Wajah dengan Alis Terangkat
ğŸ˜,Wajah Netral
ğŸ˜‘,Wajah Datar
ğŸ˜¶,Wajah tanpa Mulut
ğŸ˜,Wajah Menggoda
ğŸ˜’,Wajah Kesal
ğŸ™„,Wajah dengan Mata Bergulir
ğŸ˜¬,Wajah dengan Gigi Lebar
ğŸ¤¥,Wajah Berbohong
ğŸ˜Œ,Wajah Lega
ğŸ˜”,Wajah Termenung
ğŸ˜ª,Wajah Mengantuk
ğŸš£,Orang Mendayung Sampan
ğŸ—¾,Peta Jepang
â›°ï¸,Gunung
ğŸ”ï¸,Gunung Bersalju
ğŸŒ‹,Gunung Berapi
ğŸ—»,Gunung Fuji
ğŸ•ï¸,Berkemah
ğŸ–ï¸,Pantai dengan Payung
ğŸœï¸,Gurun
ğŸï¸,Pulau Terpencil
ğŸï¸,Taman Nasional
ğŸŸï¸,Stadion
ğŸ›ï¸,Bangunan Klasik
ğŸ—ï¸,Konstruksi Bangunan
ğŸ›–,Pondok
ğŸ ,Rumah
ğŸ˜ï¸,Perumahan
ğŸšï¸,Rumah Terlantar
ğŸ¡,Rumah Dengan Taman
ğŸ¢,Gedung Kantor
ğŸ£,Kantor Pos Jepang
ğŸ¤Â Kantor,Pos
ğŸ¥,Rumah Sakit
ğŸ¦,Bank
ğŸ¨,Hotel
ğŸ©,Hotel Cinta
ğŸª,Minimarket
ğŸ«,Sekolah
ğŸ¬,Supermarket
ğŸ­,Pabrik
ğŸ¯,Kastil Jepang
ğŸ°,Kastil
ğŸ’’,Pernikahan
ğŸ—¼,Menara Tokyo
ğŸ—½,Patung Liberty
â›ª,Gereja
ğŸ•Œ,Masjid
ğŸ›•,Kuil Hindu
ğŸ•,Sinagoga
â›©ï¸,Kuil Shinto
ğŸ•‹,Kaâ€™bah
â›²,Air Mancur
â›º,Tenda
ğŸŒ,Berkabut
ğŸŒƒ,Malam Berbintang
ğŸ™ï¸,Pemandangan Kota
ğŸŒ„,Matahari Terbit Di Pegunungan
ğŸŒ…,Matahari Terbit
ğŸŒ†,Pemandangan Kota Saat Senja
ğŸŒ‡,Matahari Terbenam
ğŸŒ‰,Jembatan Di Malam Hari
ğŸ ,Komidi Putar
ğŸ¡,Kincir Ria
ğŸ¢,Roller Coaster
ğŸš‚,Lokomotif
ğŸšƒ,Gerbong
ğŸš„,Kereta Berkecepatan Tinggi
ğŸš…,Kereta Peluru
ğŸš†,Kereta Api
ğŸš‡,Kereta Bawah Tanah
ğŸšˆ,Kereta Ringan
ğŸš‰,Stasiun
ğŸšŠ,Trem
ğŸš,Monorel
ğŸš,Kereta Pegunungan
ğŸš‹,Gerbong Trem
ğŸšŒ,Bis
ğŸš,Bus Datang
ğŸš,Bus Listrik
ğŸš,Minibus
ğŸš‘,Ambulans
ğŸš’,Mobil Pemadam Kebakaran
ğŸš“,Mobil Polisi
ğŸš”,Mobil Polisi Datang
ğŸš•,Taksi
ğŸš–,Taksi Datang
ğŸš—,Mobil
ğŸš˜,Mobil Datang
ğŸš™,Kendaraan Rekreasi
ğŸ›»,Truk Pikap
ğŸšš,Truk Pengiriman
ğŸš›,Lori Gandeng
ğŸšœ,Traktor
ğŸï¸,Mobil Balap
ğŸï¸,Sepeda Motor
ğŸ›µ,Motor Skuter
ğŸ›º,Bajaj
ğŸš²,Sepeda
ğŸ›´,Skuter
ğŸš,Halte Bus
ğŸ›£ï¸,Jalan Raya
ğŸ›¤ï¸,Rel Kereta
â›½,Pompa Bahan Bakar
ğŸš¨,Lampu Mobil Polisi
ğŸš¥,Lampu Lalu Lintas Horizontal
ğŸš¦,Lampu Lalu Lintas Vertikal
ğŸš§,Konstruksi
âš“,Jangkar
â›µ,Perahu Layar
ğŸš¤,Perahu Cepat
ğŸ›³ï¸,Kapal Penumpang
â›´ï¸,Kapal Feri
ğŸ›¥ï¸,Perahu Bermotor
ğŸš¢,Kapal
âœˆï¸,Pesawat
ğŸ›©ï¸,Pesawat Kecil
ğŸ›«,Pesawat Lepas Landas
ğŸ›¬,Pesawat Mendarat
ğŸª‚,Parasut
ğŸ’º,Kursi
ğŸš,Helikopter
ğŸšŸ,Kereta Suspensi
ğŸš ,Kereta Gantung
ğŸš¡,Trem Gantung
ğŸ›°ï¸,Satelit
ğŸš€,Roket
ğŸ›¸,Piring Terbang
ğŸª,Planet Bercincin
ğŸŒ ,Bintang Jatuh
ğŸŒŒ,Bima Sakti
â›±ï¸,Payung di Tanah
ğŸ†,Kembang Api
ğŸ‡,Kembang Api Batang
ğŸ‘,Perayaan Bulan
ğŸ’´,Uang Kertas Yen
ğŸ’µ,Uang Kertas Dolar
ğŸ’¶,Uang Kertas Euro
ğŸ’·,Uang Kertas Pound
ğŸ—¿,Moai
ğŸ›‚,Kontrol Paspor
ğŸ›ƒ,Bea Cukai
ğŸ›„,Pengambilan Bagasi
ğŸ›…,Menyimpan Koper
ğŸ’˜,Hati dengan Anak Panah
ğŸ’,Hati dengan Pita
ğŸ’–,Hati Berkilauan
ğŸ’—,Hati Membesar
ğŸ’“,Hati Berdebar
ğŸ’,Dua Hati Berputar
ğŸ’•,Dua Hati
ğŸ’Ÿ,Dekorasi Hati
â£ï¸,Hati dengan Tanda Seru
ğŸ’”,Patah Hati
ğŸ§¡,Hati Oranye
ğŸ’›,Hati Kuning
ğŸ’š,Hati Hijau
ğŸ’™,Hati Biru
ğŸ’œ,Hati Ungu
ğŸ–¤,Hati Hitam
ğŸ’¯,Seratus Poin
ğŸ’¢,Tanda Marah
ğŸ’¬,Balon Teks
ğŸ‘ï¸â€ğŸ—¨ï¸,Mata di Dalam Teks Balon
ğŸ—¯ï¸,Balon Teks Marah
ğŸ’­,Balon Berpikir
ğŸ’¤,Zzz
ğŸ’®,Bunga Putih
â™¨ï¸,Air Panas
ğŸ’ˆ,Tiang Tukang Cukur
ğŸ›‘,Tanda Berhenti
ğŸŒ€,Topan
â™ ï¸,Sekop
â™¥ï¸,Hati
â™¦ï¸,Wajik
â™£ï¸,Keriting
ğŸƒ,Joker
ğŸ€„,Naga Merah Mahjong
ğŸ´,Kartu Bunga
ğŸ”‡,Speaker Diam
ğŸ”ˆ,Speaker Volume Rendah
ğŸ”‰,Speaker Volume Menengah
ğŸ”Š,Speaker Volume Tinggi
ğŸ“¢,Pengeras Suara
ğŸ“£,Megafon
ğŸ“¯,Terompet Tanduk
ğŸ””,Lonceng
ğŸ”•,Lonceng Dicoret
ğŸµ,Not Musik
ğŸ¶,Not Musik Berganda
ğŸ§,Simbol ATM
ğŸš®,Tanda Membuang Sampah
ğŸš°,Simbol Air Minum
â™¿,Simbol Kursi Roda
ğŸš¹,Simbol Ruang Pria
ğŸšº,Simbol Ruang Wanita
ğŸš¼,Simbol Bayi
ğŸš¾,Water Closet
ğŸš»,Kamar Kecil
âš ï¸,Peringatan
ğŸš¸,Anak-anak Menyebrang
â›”,Dilarang Masuk
ğŸš«,Terlarang
ğŸš³,Dilarang Bersepeda
ğŸš­,Dilarang Merokok
ğŸš¯,Dilarang Membuang Sampah
ğŸš±,Bukan Air Minum
ğŸš·,Pejalan Kaki Dilarang
ğŸ”,Di Bawah 18 Tahun Dilarang
â˜¢ï¸,Radioaktif
â˜£ï¸,Biohazard
ğŸ›,Tempat Ibadah
âš›ï¸,Simbol Atom
ğŸ•‰ï¸,Om
âœ¡ï¸,Bintang Daud
â˜¸ï¸,Roda Dharma
â˜¯ï¸,Yin Yang
âœï¸,Salib
â˜¦ï¸,Salib Ortodoks
â˜ªï¸,Bulan Sabit dan Bintang
â˜®ï¸,Damai
ğŸ•,Menorah
ğŸ”¯,Bintang Daud dengan Titik
â™ˆ,Aries
â™‰,Taurus
â™Š,Gemini
â™‹,Cancer
â™Œ,Leo
â™,Virgo
â™,Libra
â™,Scorpio
â™,Sagitarius
â™‘,Capricorn
â™’,Aquarius
â™“,Pisces
â›,Ophiuchus
ğŸ”€,Tombol Acak Lagu
ğŸ”,Tombol Ulang
ğŸ”‚,Tombol Ulang Sekali
â–¶ï¸,Tombol Putar
â©,Tombol Maju Cepat
â—€ï¸,Tombol Mundur
âª,Tombol Mundur Cepat
ğŸ”¼,Tombol ke Atas
â«,Tombol ke Atas Cepat
ğŸ”½,Tombol ke Bawah
â¬,Tombol ke Bawah Cepat
â¹ï¸,Tombol Berhenti
âï¸,Tombol Keluar
ğŸ¦,Bioskop
ğŸ”…,Tombol Redup
ğŸ”†,Tombol Cerah
ğŸ“¶,Bar Sinyal
ğŸ“³,Mode Getar
ğŸ“´,Ponsel Mati
â™¾ï¸,Tak Terbatas
â™»ï¸,Daur Ulang
ğŸ”±,Trisula
ğŸ“›,Lencana Nama
ğŸ”°,Simbol Pemula
â­•,Lingkaran Merah
âœ…,Centang dalam Kotak Hijau
â˜‘ï¸,Centang dalam Kotak
âœ”ï¸,Centang
âœ–ï¸,Perkalian
âŒ,Silang
â,Silang dalam Kotak
â•,Plus
â–,Kurang
â—,Pembagian
â°,Lingkaran Keriting
â¿,Lingkaran Keriting Ganda
ã€½ï¸,Simbol Bagian Alternatif
âœ³ï¸,Bintang Tumpul
âœ´ï¸,Bintang Lancip
â‡ï¸,Kilauan
â€¼ï¸,Dua Tanda Seru
â“,Tanda Tanya
â”,Tanda Tanya Putih
â—,Tanda Seru
â•,Tanda Seru Putih
â‰ï¸,Tanda Seru Tanda Tanya
Â©ï¸,Hak Cipta
Â®ï¸,Terdaftar
â„¢ï¸,Merek Dagang
#ï¸âƒ£,Tanda Pagar
0ï¸âƒ£,Tombol Nol
ğŸ…°ï¸,Golongan Darah A
ğŸ†,Golongan Darah AB
ğŸ…±ï¸,Golongan Darah B
ğŸ…¾ï¸,Golongan Darah O
ğŸ†‘,Tombol CL
ğŸ†’,Tombol Cool
ğŸ†“,Tombol Free
â„¹ï¸,Informasi
ğŸ†”,Tombol ID
â“‚ï¸,M Lingkaran
ğŸ†•,Baru
ğŸ†–,Tombol NG
ğŸ†—,OK
ğŸ…¿ï¸,P
ğŸ†˜,SOS
ğŸ†™,UP!
ğŸ†š,VS
ğŸˆ,Jepang â€œDi Siniâ€
ğŸˆ‚ï¸,Jepang â€œLayananâ€
ğŸˆ·ï¸,CJK â€œBulanâ€
ğŸˆ¶,CJK â€œTidak Gratisâ€
ğŸˆ¯,CJK â€œSudah Dipesanâ€
ğŸ‰,Jepang â€œPenawaranâ€
ğŸˆ¹,CJK â€œPotongan Hargaâ€
ğŸˆš,CJK â€œBebas Biayaâ€
ğŸˆ²,CJK â€œDilarangâ€
ğŸ‰‘,Jepang â€œDiterimaâ€
ğŸˆ¸,CJK â€œPermohonanâ€
ğŸˆ´,CJK â€œStandar Kelulusanâ€
ğŸˆ³,CJK â€œKosongâ€
ãŠ—ï¸,Jepang â€œSelamatâ€
ãŠ™ï¸,Jepang â€œRahasiaâ€
ğŸˆº,CJK â€œTerbuka untuk Bisnisâ€
ğŸˆµ,CJK â€œPenuhâ€
ğŸ”µ,Lingkaran Biru
âš«,Lingkaran Hitam
âšª,Lingkaran Putih
ğŸ•›,Jam Dua Belas
ğŸ•§,Jam Setengah Satu
ğŸ•,Jam Satu
ğŸ•œ,Jam Setengah Dua
ğŸ•‘,Jam Dua
ğŸ•,Jam Setengah Tiga
ğŸ•’,Jam Tiga
ğŸ•,Jam Setengah Empat
ğŸ•“,Jam Empat
ğŸ•Ÿ,Jam Setengah Lima
ğŸ•”,Jam Lima
ğŸ• ,Jam Setengah Enam
ğŸ••,Jam Enam Tepat
ğŸ•¡,Jam Setengah Tujuh
ğŸ•–,Jam Tujuh
ğŸ•¢,Jam Setengah Delapan
ğŸ•—,Jam Delapan
ğŸ•£,Jam Setengah Sembilan
ğŸ•˜,Jam Sembilan
ğŸ•¤,Jam Setengah Sepuluh
ğŸ•™,Jam Sepuluh
ğŸ•¥,Jam Setengah Sebelas
ğŸ•š,Jam Sebelas
ğŸ•¦,Jam Setengah Dua Belas
â¬†ï¸,Panah Atas
â†—ï¸,Panah Kanan Atas
â¡ï¸,Panah Kanan
â†˜ï¸,Panah Kanan Bawah
â¬‡ï¸,Panah Bawah
â†™ï¸,Panah Kiri Bawah
â¬…ï¸,Panah Kiri
â†–ï¸,Panah Kiri Atas
â†•ï¸,Panah Atas Bawah
â†”ï¸,Panah Kiri Kanan
â†©ï¸,Putar ke Kiri
â†ªï¸,Putar ke Kanan
â¤´ï¸,Panah Kanan ke Atas
â¤µï¸,Panah Kanan ke Bawah
ğŸ”ƒ,Panah Berputar Searah Jarum Jam
ğŸ”„,Panah Berputar Berlawanan Jarum Jam
ğŸ”™,Panah Kembali
ğŸ”š,Panah Akhir
ğŸ”›,Panah On!
ğŸ”œ,Panah Segera
ğŸ”,Panah Teratas
1ï¸âƒ£,Digit Satu
2ï¸âƒ£,Digit Dua
3ï¸âƒ£,Digit Tiga
4ï¸âƒ£,Digit Empat
5ï¸âƒ£,Digit Lima
6ï¸âƒ£,Digit Enam
7ï¸âƒ£,Digit Tujuh
8ï¸âƒ£,Digit Delapan
9ï¸âƒ£,Digit Sembilan
ğŸ”Ÿ,Digit Sepuluh
ğŸ” ,ABCD Huruf Besar
ğŸ”¡,abcd Huruf Kecil
ğŸ”¢,1234
ğŸ”£,Simbol
ğŸ”¤,abc
â¬›,Kotak Hitam Besar
â¬œ,Kotak Putih Besar
â—¼ï¸,Kotak Hitam Medium
â—»ï¸,Kotak Putih Medium
â—¾,Kotak Hitam Medium-Kecil
â—½,Kotak Putih Medium-Kecil
â–ªï¸,Kotak Hitam Kecil
â–«ï¸,Kotak Putih Kecil
ğŸ”¶,Belah Ketupat Oranye Besar
ğŸ”·,Belah Ketupat Biru Besar
ğŸ”¸,Belah Ketupat Oranye Kecil
ğŸ”¹,Belah Ketupat Biru Kecil
ğŸ”º,Segitiga Merah Atas
ğŸ”»,Segitiga Mewah Bawah
ğŸ’ ,Berlian dengan Titik
ğŸ”³,Kotak Hitam di Dalam Kotak Putih
ğŸ”²,Kotak Putih di Dalam Kotak Hitam
â¤ï¸,Hati Merah Pekat
ğŸ§—,Orang Memanjat
ğŸ§—â€â™‚ï¸,Pria Memanjat
ğŸ§—â€â™€ï¸,Wanita Memanjat
ğŸ¤º,Orang Bermain Anggar
ğŸ‡,Balap Kuda
â›·ï¸,Pemain Ski
ğŸ‚,Peseluncur Salju
ğŸŒï¸,Orang Bermain Golf
ğŸŒï¸â€â™‚ï¸,Pria Bermain Golf
ğŸŒï¸â€â™€ï¸,Wanita Bermain Golf
ğŸ„,Orang Berselancar
ğŸ„â€â™‚ï¸,Pria Berselancar
ğŸ„â€â™€ï¸,Wanita Berselancar
ğŸš£â€â™‚ï¸,Pria Mendayung Perahu
ğŸš£â€â™€ï¸,Wanita Mendayung Perahu
ğŸŠ,Orang Berenang
ğŸŠâ€â™‚ï¸,Pria Berenang
ğŸŠâ€â™€ï¸,Wanita Berenang
â›¹ï¸,Orang Memantulkan Bola
â›¹ï¸â€â™‚ï¸,Pria Memantulkan Bola
â›¹ï¸â€â™€ï¸,Wanita Memantulkan Bola
ğŸ‹ï¸,Orang Mengangkat Beban
ğŸ‹ï¸â€â™‚ï¸,Pria Mengangkat Beban
ğŸ‹ï¸â€â™€ï¸,Wanita Mengangkat Beban
ğŸš´,Orang Bersepeda
ğŸš´â€â™‚ï¸,Pria Bersepeda
ğŸš´â€â™€ï¸,Wanita Bersepeda
ğŸšµ,Orang Naik Sepeda Gunung
ğŸšµâ€â™‚ï¸,Pria Naik Sepeda Gunung
ğŸšµâ€â™€ï¸,Wanita Naik Sepeda Gunung
ğŸ¤¸,Orang Jungkir Balik
ğŸ¤¸â€â™‚ï¸,Pria Jungkir Balik
ğŸ¤¸â€â™€ï¸,Wanita Jungkir Balik
ğŸ¤¼,Orang-Orang Bergulat
ğŸ¤¼â€â™‚ï¸,Pria Bergulat
ğŸ¤¼â€â™€ï¸,Wanita Bergulat
ğŸ¤½,Orang Bermain Polo Air
ğŸ¤½â€â™‚ï¸,Pria Bermain Polo Air
ğŸ¤½â€â™€ï¸,Wanita Bermain Polo Air
ğŸ¤¾,Orang Bermain Bola Tangan
ğŸ¤¾â€â™‚ï¸,Pria Bermain Bola Tangan
ğŸ¤¾â€â™€ï¸,Wanita Bermain Bola Tangan
ğŸ¤¹,Orang Juggling
ğŸ¤¹â€â™‚ï¸,Pria Juggling
ğŸ¤¹â€â™€ï¸,Wanita Juggling
ğŸ§˜â€â™‚ï¸,Pria dalam Posisi Lotus
ğŸ§˜â€â™€ï¸,Wanita dalam Posisi Lotus
ğŸª,Tenda Sirkus
ğŸ›¹,Skateboard
ğŸ›¶,Kano
ğŸ—ï¸,Pita Pengingat
ğŸŸï¸,Tiket Masuk
ğŸ«,Tiket
ğŸ–ï¸,Medali Militer
ğŸ…,Medali Olahraga
ğŸ†,Piala
ğŸ¥‡,Medali Juara 1
ğŸ¥ˆ,Medali Juara 2
ğŸ¥‰,Medali Juara 3
âš½,Bola Sepak
ğŸ€,Bola Basket
âš¾,Bisbol
ğŸ¥,Softball
ğŸ,Bola Voli
ğŸˆ,American Football
ğŸ‰,Rugby
ğŸ¾,Tenis
ğŸ³,Boling
ğŸ,Permainan Kriket
ğŸ‘,Hoki Lapangan
ğŸ’,Hoki Es
ğŸ¥,Lacrosse
ğŸ“,Ping Pong
ğŸ¸,Badminton
ğŸ¥Š,Sarung Tangan Tinju
ğŸ¥…,Gawang
ğŸ¥‹,Seragam Bela Diri
â›³,Bendera di Lubang
â›¸ï¸,Sepatu Luncur Es
ğŸ£,Alat Pancing
ğŸ½,Kaus Lari
ğŸ¿,Papan Ski
ğŸ›·,Kereta Luncur
ğŸ¥Œ,Batu Curling
ğŸ¯,Tepat Sasaran
ğŸ±,Bola Biliar 8
ğŸ²,Dadu Main
ğŸ­,Seni Drama
â™Ÿï¸,Pion Catur
ğŸ§©,Potongan Puzzle
ğŸ®,Video Game
ğŸ°,Mesin Judi
ğŸ¨,Palet Seniman
ğŸ¼,Skor Musik
ğŸ¤,Mikrofon
ğŸ§,Headphone
ğŸ·,Saksofon
ğŸ¸,Gitar
ğŸª—,Akordeon
ğŸ¹,Keyboard Musik
ğŸº,Trompet
ğŸ¥,Drum
ğŸª˜,Drum Panjang
ğŸ¬,Papan Clapper
ğŸ¹,Busur dan Anak Panah
ğŸ,Bendera Kotak-Kotak
ğŸš©,Bendera Segitiga
ğŸŒ,Bendera Menyilang
ğŸ´,Bendera Hitam
ğŸ³ï¸,Bendera Putih
ğŸ³ï¸â€ğŸŒˆ,Bendera Pelangi
ğŸ³ï¸â€âš§ï¸,Bendera Transgender
ğŸ´â€â˜ ï¸,Bendera Bajak Laut
ğŸ‡¦ğŸ‡¨,Bendera Pulau Ascension
ğŸ‡¦ğŸ‡©,Bendera Andorra
ğŸ‡¦ğŸ‡ª,Bendera Uni Emirat Arab
ğŸ‡¦ğŸ‡«,Bendera Afganistan
ğŸ‡¦ğŸ‡¬,Bendera Antigua dan Barbuda
ğŸ‡¦ğŸ‡®,Bendera Anguilla
ğŸ‡¦ğŸ‡±,Bendera Albania
ğŸ‡¦ğŸ‡²,Bendera Armenia
ğŸ‡¦ğŸ‡´,Bendera Angola
ğŸ‡¦ğŸ‡¶,Bendera Antartika
ğŸ‡¦ğŸ‡·,Bendera Argentina
ğŸ‡¦ğŸ‡¸,Bendera Samoa Amerika
ğŸ‡¦ğŸ‡¹,Bendera Austria
ğŸ‡¦ğŸ‡º,Bendera Australia
ğŸ‡¦ğŸ‡¼,Bendera Aruba
ğŸ‡¦ğŸ‡½,Bendera Kepulauan Aland
ğŸ‡¦ğŸ‡¿,Bendera Azerbaijan
ğŸ‡§ğŸ‡¦,Bendera Bosnia dan Herzegovina
ğŸ‡§ğŸ‡§,Bendera Barbados
ğŸ‡§ğŸ‡©,Bendera Bangladesh
ğŸ‡§ğŸ‡ª,Bendera Belgia
ğŸ‡§ğŸ‡«,Bendera Burkina Faso
ğŸ‡§ğŸ‡­,Bendera Bahrain
ğŸ‡§ğŸ‡¬,Bendera Bulgaria
ğŸ‡§ğŸ‡®,Bendera Burundi
ğŸ‡§ğŸ‡¯,Bendera Benin
ğŸ‡§ğŸ‡±,Bendera Saint BarthÃ©lemy
ğŸ‡§ğŸ‡²,Bendera Bermuda
ğŸ‡§ğŸ‡³,Bendera Brunei
ğŸ‡§ğŸ‡´,Bendera Bolivia
ğŸ‡§ğŸ‡¶,Bendera Belanda Karibia
ğŸ‡§ğŸ‡·,Bendera Brasil
ğŸ‡§ğŸ‡¸,Bendera Bahama
ğŸ‡§ğŸ‡¹,Bendera Bhutan
ğŸ‡§ğŸ‡»,Bendera Pulau Bouvet
ğŸ‡§ğŸ‡¼,Bendera Botswana
ğŸ‡§ğŸ‡¾,Bendera Belarus
ğŸ‡§ğŸ‡¿,Bendera Belize
ğŸ‡¨ğŸ‡¦,Bendera Kanada
ğŸ‡¨ğŸ‡¨,Bendera Kepulauan Cocos (Keeling)
ğŸ‡¨ğŸ‡©,Bendera Kongo â€“ Kinshasa
ğŸ‡¨ğŸ‡«,Bendera Afrika Tengah
ğŸ‡¨ğŸ‡¬,Bendera Kongo â€“ Brazzaville
ğŸ‡¨ğŸ‡­,Bendera Swiss
ğŸ‡¨ğŸ‡®,Bendera Pantai Gading
ğŸ‡¨ğŸ‡°,Bendera Kepulauan Cook
ğŸ‡¨ğŸ‡±,Bendera Chili
ğŸ‡¨ğŸ‡²,Bendera Kamerun
ğŸ‡¨ğŸ‡³,Bendera Cina
ğŸ‡¨ğŸ‡´,Bendera Kolombia
ğŸ‡¨ğŸ‡µ,Bendera Pulau Clipperton
ğŸ‡¨ğŸ‡·,Bendera Kosta Rika
ğŸ‡¨ğŸ‡º,Bendera Kuba
ğŸ‡¨ğŸ‡»,Bendera Tanjung Verde
ğŸ‡¨ğŸ‡¼,Bendera CuraÃ§ao
ğŸ‡¨ğŸ‡½,Bendera Pulau Natal
ğŸ‡¨ğŸ‡¾,Bendera Siprus
ğŸ‡¨ğŸ‡¿,Bendera Ceko
ğŸ‡©ğŸ‡ª,Bendera Jerman
ğŸ‡©ğŸ‡¬,Bendera Diego Garcia
ğŸ‡©ğŸ‡¯,Bendera Djibouti
ğŸ‡©ğŸ‡°,Bendera Denmark
ğŸ‡©ğŸ‡²,Bendera Dominika
ğŸ‡©ğŸ‡´,Bendera Republik Dominika
ğŸ‡©ğŸ‡¿,Bendera Aljazair
ğŸ‡ªğŸ‡¦,Bendera Ceuta dan Melilla
ğŸ‡ªğŸ‡¨,Bendera Ekuador
ğŸ‡ªğŸ‡ª,Bendera Estonia
ğŸ‡ªğŸ‡¬,Bendera Mesir
ğŸ‡ªğŸ‡­,Bendera Sahara Barat
ğŸ‡ªğŸ‡·,Bendera Eritrea
ğŸ‡ªğŸ‡¸,Bendera Spanyol
ğŸ‡ªğŸ‡¹,Bendera Etiopia
ğŸ‡ªğŸ‡º,Bendera Eropa
ğŸ‡«ğŸ‡®,Bendera Finlandia
ğŸ‡«ğŸ‡¯,Bendera Fiji
ğŸ‡«ğŸ‡°,Bendera Kepulauan Falkland
ğŸ‡«ğŸ‡²,Bendera Mikronesia
ğŸ‡«ğŸ‡´,Bendera Kepulauan Faroe
ğŸ‡«ğŸ‡·,Bendera Prancis
ğŸ‡¬ğŸ‡¦,Bendera Gabon
ğŸ‡¬ğŸ‡§,Bendera Inggris
ğŸ‡¬ğŸ‡©,Bendera Grenada
ğŸ‡¬ğŸ‡ª,Bendera Georgia
ğŸ‡¬ğŸ‡«,Bendera Guyana Prancis
ğŸ‡¬ğŸ‡¬,Bendera Guernsey
ğŸ‡¬ğŸ‡­,Bendera Ghana
ğŸ‡¬ğŸ‡®,Bendera Gibraltar
ğŸ‡¬ğŸ‡±,Bendera Greenland
ğŸ‡¬ğŸ‡²,Bendera Gambia
ğŸ‡¬ğŸ‡³,Bendera Guinea
ğŸ‡¬ğŸ‡µ,Bendera Guadeloupe
ğŸ‡¬ğŸ‡¶,Bendera Guinea Khatulistiwa
ğŸ‡¬ğŸ‡·,Bendera Yunani
ğŸ‡¬ğŸ‡¸,Bendera Georgia Selatan & Kep. Sandwich Selatan
ğŸ‡¬ğŸ‡¹,Bendera Guatemala
ğŸ‡¬ğŸ‡º,Bendera Guam
ğŸ‡¬ğŸ‡¼,Bendera Guinea-Bissau
ğŸ‡¬ğŸ‡¾,Bendera Guyana
ğŸ‡­ğŸ‡°,Bendera Hong Kong
ğŸ‡­ğŸ‡²,Bendera Kepulauan Heard dan McDonald
ğŸ‡­ğŸ‡³,Bendera Honduras
ğŸ‡­ğŸ‡·,Bendera Kroasia
ğŸ‡­ğŸ‡¹,Bendera Haiti
ğŸ‡­ğŸ‡º,Bendera Hongaria
ğŸ‡®ğŸ‡¨,Bendera Kepulauan Canaria
ğŸ‡®ğŸ‡©,Bendera Indonesia
ğŸ‡®ğŸ‡ª,Bendera Irlandia
ğŸ‡®ğŸ‡±,Bendera Israel
ğŸ‡®ğŸ‡²,Bendera Pulau Man
ğŸ‡®ğŸ‡³,Bendera India
ğŸ‡®ğŸ‡´,Bendera Wilayah Samudra Hindia Britania
ğŸ‡®ğŸ‡¶,Bendera Irak
ğŸ‡®ğŸ‡·,Bendera Iran
ğŸ‡®ğŸ‡¸,Bendera Islandia
ğŸ‡®ğŸ‡¹,Bendera Italia
ğŸ‡¯ğŸ‡ª,Bendera Jersey
ğŸ‡¯ğŸ‡²,Bendera Jamaika
ğŸ‡¯ğŸ‡´,Bendera Yordania
ğŸ‡¯ğŸ‡µ,Bendera Jepang
ğŸ‡°ğŸ‡ª,Bendera Kenya
ğŸ‡°ğŸ‡¬,Bendera Kirgizstan
ğŸ‡°ğŸ‡­,Bendera Kamboja
ğŸ‡°ğŸ‡®,Bendera Kiribati
ğŸ‡°ğŸ‡²,Bendera Komoro
ğŸ‡°ğŸ‡³,Bendera Saint Kitts dan Nevis
ğŸ‡°ğŸ‡µ,Bendera Korea Utara
ğŸ‡°ğŸ‡·,Bendera Korea Selatan
ğŸ‡°ğŸ‡¼,Bendera Kuwait
ğŸ‡°ğŸ‡¾,Bendera Kepulauan Cayman
ğŸ‡°ğŸ‡¿,Bendera Kazakhstan
ğŸ‡±ğŸ‡¦,Bendera Laos
ğŸ‡±ğŸ‡§,Bendera Lebanon
ğŸ‡±ğŸ‡¨,Bendera Saint Lucia
ğŸ‡±ğŸ‡®,Bendera Liechtenstein
ğŸ‡±ğŸ‡°,Bendera Sri Lanka
ğŸ‡±ğŸ‡·,Bendera Liberia
ğŸ‡±ğŸ‡¸,Bendera Lesotho
ğŸ‡±ğŸ‡¹,Bendera Lituania
ğŸ‡±ğŸ‡º,Bendera Luksemburg
ğŸ‡±ğŸ‡»,Bendera Latvia
ğŸ‡±ğŸ‡¾,Bendera Libya
ğŸ‡²ğŸ‡¦,Bendera Maroko
ğŸ‡²ğŸ‡¨,Bendera Monako
ğŸ‡²ğŸ‡©,Bendera Moldova
ğŸ™ˆ,Monyet Jangan-Melihat-yang-Jelek
ğŸ™‰,Monyet Jangan-Mendengar-yang-Jelek
ğŸ™Š,Monyet Jangan-Berbicara-yang-Jelek
ğŸ’¥,Tabrakan
ğŸ’«,Pusing
ğŸ’¦,Tetesan Keringat
ğŸ’¨,Pergi Tergesa-Gesa
ğŸµ,Wajah Monyet
ğŸ’,Monyet
ğŸ¦,Gorila
ğŸ¶,Wajah Anjing
ğŸ•,Anjing
ğŸ©,Anjing Pudel
ğŸº,Serigala
ğŸ¦Š,Rubah
ğŸ¦,Rakun
ğŸ±,Wajah Kucing
ğŸˆ,Kucing
ğŸ¦,Singa
ğŸ¯,Wajah Harimau
ğŸ…,Harimau
ğŸ†,Macan Tutul
ğŸ´,Wajah Kuda
ğŸ,Kuda
ğŸ¦„,Unicorn
ğŸ¦“,Zebra
ğŸ¦Œ,Rusa
ğŸ®,Wajah Sapi
ğŸ‚,Lembu
ğŸƒ,Kerbau
ğŸ„,Sapi
ğŸ·,Wajah Babi
ğŸ–,Babi
ğŸ—,Babi Hutan
ğŸ½,Hidung Babi
ğŸ,Domba Jantan
ğŸ‘,Domba Betina
ğŸ,Kambing
ğŸª,Unta
ğŸ«,Unta Punuk Dua
ğŸ¦™,Llama
ğŸ¦’,Jerapah
ğŸ˜,Gajah
ğŸ¦,Badak
ğŸ¦›,Kuda Nil
ğŸ­,Wajah Tikus
ğŸ,Mencit
ğŸ€,Tikus
ğŸ¹,Hamster
ğŸ‡,Kelinci
ğŸ°,Wajah Kelinci
ğŸ¿ï¸,Tupai
ğŸ¦”,Landak
ğŸ¦‡,Kelelawar
ğŸ»,Beruang
ğŸ¨,Koala
ğŸ¼,Panda
ğŸ¦˜,Kanguru
ğŸ¦¡,Luwak
ğŸ¾,Jejak Kaki Hewan
ğŸ¦ƒ,Kalkun
ğŸ”,Ayam
ğŸ“,Ayam Jantan
ğŸ£,Anak Ayam Menetas
ğŸ¤,Anak Ayam
ğŸ¥,Anak Ayam Menghadap ke Depan
ğŸ¦,Burung
ğŸ§,Penguin
ğŸ•Šï¸,Merpati
ğŸ¦…,Elang
ğŸ¦†,Bebek
ğŸ¦¢,Angsa
ğŸ¦‰,Burung Hantu
ğŸ¦©,Flamingo
ğŸ¦š,Merak
ğŸ¦œ,Beo
ğŸ¸,Katak
ğŸ¢,Kura-Kura
ğŸ,Ular
ğŸŠ,Buaya
ğŸ¦,Kadal
ğŸ²,Wajah Naga
ğŸ‰,Naga
ğŸ¦•,Sauropoda
ğŸ¦–,T-Rex
ğŸ³,Paus yang Menyembur
ğŸ‹,Paus
ğŸ¬,Lumba-Lumba
ğŸŸ,Ikan
ğŸ ,Ikan Tropis
ğŸ¡,Ikan Buntal
ğŸ¦ˆ,Hiu
ğŸ™,Gurita
ğŸš,Kerang Spiral
ğŸŒ,Siput
ğŸ¦‹,Kupu-Kupu
ğŸœ,Semut
ğŸ›,Hama
ğŸ,Lebah Madu
ğŸ,Kumbang Koksi
ğŸ¦—,Jangkrik
ğŸ•·ï¸,Laba-Laba
ğŸ•¸ï¸,Jaring Laba-Laba
ğŸ¦‚,Kalajengking
ğŸ¦Ÿ,Nyamuk
ğŸ¦ ,Mikroba
ğŸ’,Buket
ğŸµï¸,Hiasan Berbentuk Mawar
ğŸŒ¹,Mawar
ğŸ¥€,Bunga Layu
ğŸŒº,Kembang Sepatu
ğŸŒ»,Bunga Matahari
ğŸŒ¼,Mekar
ğŸŒ·,Tulip
ğŸŒ±,Bibit
ğŸŒ²,Pohon Cemara
ğŸŒ³,Pohon Gugur
ğŸŒ´,Pohon Palem
ğŸŒµ,Kaktus
ğŸŒ¾,Seikat Padi
ğŸŒ¿,Rempah
â˜˜ï¸,Shamrock
ğŸ,Daun Maple
ğŸ€,Semanggi Berdaun Empat
ğŸ‚,Daun Gugur
ğŸƒ,Daun Tertiup Angin
ğŸ„,Jamur
ğŸŒ°,Kacang Kastanye
ğŸ¦,Lobster
ğŸ¦€,Kepiting
ğŸ¦‘,Cumi-Cumi
ğŸ¦,Udang
ğŸŒ,Globe Menampilkan Eropa-Afrika
ğŸŒ,Globe Menampilkan Amerika
ğŸŒ,Globe Menampilkan Asia-Australia
ğŸŒ,Globe dengan Meridian
ğŸŒ‘,Bulan Baru
ğŸŒ’,Bulan Sabit Awal
ğŸŒ“,Bulan Kuartal Awal
ğŸŒ”,Bulan Cembung Awal
ğŸŒ•,Bulan Purnama
ğŸŒ–,Bulan Cembung Akhir
ğŸŒ—,Bulan Kuartal Akhir
ğŸŒ˜,Bulan Sabit Akhir
ğŸŒ™,Bulan Sabit
ğŸŒš,Wajah Bulan Baru
ğŸŒ›,Wajah Bulan Kuartal Pertama
ğŸŒœ,Wajah Bulan Kuartal Akhir
â˜€ï¸,Matahari
ğŸŒ,Wajah Bulan Purnama
ğŸŒ,Matahari dengan Wajah
â­,Bintang
ğŸŒŸ,Bintang Bersinar
â˜ï¸,Awan
â›…,Matahari di Balik Awan
â›ˆï¸,Awan dengan Petir dan Hujan
ğŸŒ¤ï¸,Matahari di Balik Awan Kecil
ğŸŒ¥ï¸,Matahari di Balik Awan Besar
ğŸŒ¦ï¸,Matahari di Balik Awan Hujan
ğŸŒ§ï¸,Awan dengan Hujan
ğŸŒ¨ï¸,Awan dengan Salju
ğŸŒ©ï¸,Awan dengan Petir
ğŸŒªï¸,Tornado
ğŸŒ«ï¸,Kabut
ğŸŒ¬ï¸,Wajah Angin
ğŸŒˆ,Pelangi
â˜”,Payung dengan Tetesan Hujan
âš¡,Tegangan Tinggi
â„ï¸,Kepingan Salju
â˜ƒï¸,Manusia Salju
â›„,Manusia Salju Tanpa Salju
â˜„ï¸,Komet
ğŸ”¥,Api
ğŸ’§,Tetesan Kecil
ğŸŒŠ,Gelombang Air
ğŸ„,Pohon Natal
ğŸ‹,Pohon Tanabata
ğŸ,Dekorasi Pinus
ğŸ‡,Anggur
ğŸˆ,Melon
ğŸ‰,Semangka
ğŸŠ,Buah Jeruk
ğŸ‹,Lemon
ğŸŒ,Pisang
ğŸ,Nanas
ğŸ¥­,Mangga
ğŸ,Apel Merah
ğŸ,Apel Hijau
ğŸ,Pir
ğŸ‘,Persik
ğŸ’,Ceri
ğŸ“,Stroberi
ğŸ«,Blueberry
ğŸ¥,Buah Kiwi
ğŸ…,Tomat
ğŸ«’,Zaitun
ğŸ¥¥,Kelapa
ğŸ¥‘,Alpukat
ğŸ†,Terung
ğŸ¥”,Kentang
ğŸ¥•,Wortel
ğŸŒ½,Bonggol Jagung
ğŸŒ¶ï¸,Cabai Pedas
ğŸ«‘,Paprika
ğŸ¥’,Ketimun
ğŸ¥¬,Selada Hijau
ğŸ¥¦,Brokoli
ğŸ§„,Bawang Putih
ğŸ§…,Bawang Bombay
ğŸ¥œ,Kacang Tanah
ğŸ,Roti
ğŸ¥,Croissant
ğŸ¥–,Roti Baguette
ğŸ«“,Roti Pipih
ğŸ¥¨,Pretzel
ğŸ¥¯,Bagel
ğŸ¥,Panekuk
ğŸ§‡,Wafel
ğŸ§€,Irisan Keju
ğŸ–,Daging Pada Tulang
ğŸ—,Paha Ayam
ğŸ¥©,Potongan Daging
ğŸ¥“,Babi Asap
ğŸ”,Hamburger
ğŸŸ,Kentang Goreng
ğŸ•,Pizza
ğŸŒ­,Hot Dog
ğŸ¥ª,Roti Lapis
ğŸŒ®,Taco
ğŸŒ¯,Burrito
ğŸ«”,Tamale
ğŸ¥™,Roti Tawar Isi
ğŸ§†,Falafel
ğŸ¥š,Telur
ğŸ³,Memasak
ğŸ¥˜,Wajan Dangkal
ğŸ²,Panci Makanan
ğŸ«•,Fondue
ğŸ¥£,Mangkuk dengan Sendok
ğŸ¥—,Salad Hijau
ğŸ¿,Popcorn
ğŸ§ˆ,Mentega
ğŸ§‚,Garam
ğŸ¥«,Makanan Kaleng
ğŸ±,Kotak Bento
ğŸ˜,Kerupuk Beras
ğŸ™,Nasi Kepal
ğŸš,Nasi Matang
ğŸ›,Nasi Kari
ğŸœ,Mangkuk Mengepul
ğŸ,Spageti
ğŸ ,Ubi Panggang
ğŸ¢,Oden
ğŸ£,Sushi
ğŸ¤,Udang Goreng
ğŸ¥,Kue Ikan dengan Desain Pusaran
ğŸ¥®,Kue Bulan
ğŸ¡,Dango
ğŸ¥Ÿ,Pangsit
ğŸ¥ ,Kue Keberuntungan
ğŸ¥¡,Kotak Makanan
ğŸ¦ª,Tiram
ğŸ¦,Es Krim Lembut
ğŸ§,Es Serut
ğŸ¨,Es Krim
ğŸ©,Donat
ğŸª,Biskuit
ğŸ‚,Kue Ulang Tahun
ğŸ°,Kue
ğŸ§,Kue Mangkuk
ğŸ¥§,Pai
ğŸ«,Cokelat Batangan
ğŸ¬,Permen
ğŸ­,Permen Lolipop
ğŸ®,Puding Susu
ğŸ¯,Toples Madu
ğŸ¼,Botol Bayi
ğŸ¥›,Gelas Susu
â˜•,Minuman Hangat
ğŸ«–,Teko
ğŸµ,Cangkir Teh tanpa Gagang
ğŸ¶,Sake
ğŸ¾,Botol dengan Penyumbat Terlepas
ğŸ·,Gelas Anggur
ğŸ¸,Gelas Koktail
ğŸ¹,Minuman Tropis
ğŸº,Mug Bir
ğŸ»,Bersulang
ğŸ¥‚,Mendentingkan Gelas
ğŸ¥ƒ,Gelas Tumbler
ğŸ¥¤,Cangkir dengan Sedotan
ğŸ§‹,Teh Bubble
ğŸ§ƒ,Minuman Kotak
ğŸ§‰,Teh Mate
ğŸ§Š,Es Batu
ğŸ¥¢,Sumpit
ğŸ½ï¸,"Garpu, Pisau, dan Piring"
ğŸ´,Garpu dan Pisau
ğŸ¥„,Sendok
ğŸŒ¡ï¸,Termometer
ğŸ”ª,Pisau Dapur
ğŸŒ¸,Bunga Sakura
ğŸ—ºï¸,Peta Dunia
ğŸ”®,Bola Kristal
ğŸ’°,Kantong Uang
ğŸ›ï¸,Tas Belanja
ğŸº,Bejana Yunani
ğŸ›¢ï¸,Drum Minyak
ğŸ›ï¸,Bel Panggilan
âŒš,Jam Tangan
â°,Jam Alarm
ğŸˆ,Balon
ğŸ,Boneka Jepang
ğŸ,Lonceng Angin
ğŸ€,Pita
ğŸ–¼ï¸,Gambar Berbingkai
ğŸ’,Batu Permata
ğŸ›ï¸,Tombol Kontrol
ğŸ“»,Radio
ğŸ“±,Ponsel Genggam
ğŸ“²,Ponsel Genggam dengan Tanda Panah
â˜ï¸,Telepon
ğŸ“¿,Tasbih
ğŸ”‹,Baterai
ğŸ”Œ,Steker Listrik
ğŸ“ ,Mesin Faks
ğŸ’»,Komputer Laptop
ğŸ–¨ï¸,Pencetak
âŒ¨ï¸,Papan Ketik
ğŸ–¥ï¸,Komputer Pribadi
ğŸ–±ï¸,Tetikus
ğŸ–²ï¸,Bola Jejak
ğŸ’½,Cakram Komputer
ğŸ’¾,Disket
ğŸ’¿,Cakram Optis
ğŸ“€,DVD
ğŸ¥,Kamera Film
ğŸ“½ï¸,Proyektor Film
ğŸ“º,Televisi
ğŸ“·,Kamera
ğŸ“¸,Kamera dengan Lampu Kilat
ğŸ“¹,Kamera Video
ğŸ“¼,Kaset Video
ğŸ”,Kaca Pembesar Miring ke Kiri
ğŸ”,Kaca Pembesar Miring ke Kanan
ğŸ•¯ï¸,Lilin
ğŸ”¦,Senter
ğŸ’¡,Bohlam Lampu
ğŸ®,Lampion Merah
ğŸ“”,Buku Catatan dengan Sampul Dekoratif
ğŸ“•,Buku Tertutup
ğŸ“–,Buku Terbuka
ğŸ“—,Buku Hijau
ğŸ“˜,Buku Biru
ğŸ“™,Buku Oranye
ğŸ“š,Buku-Buku
ğŸ““,Buku Catatan
ğŸ“ƒ,Lembaran Kertas dengan Lengkungan
ğŸ“œ,Gulungan
ğŸ“„,Lembaran Kertas Menghadap Atas
ğŸ“°,Koran
ğŸ—ï¸,Koran Tergulung
ğŸ“‘,Punca Penanda Buku
ğŸ”–,Penanda Buku
ğŸ·ï¸,Label
ğŸ’¸,Uang dengan Sayap
ğŸ’³,Kartu Kredit
âœ‰ï¸,Amplop
ğŸ“¨,Amplop Masuk
ğŸ“¦,Paket
ğŸ“©,Amplop dengan Panah
ğŸ“‰,Grafik Turun
ğŸ“ˆ,Grafik Naik
âœï¸,Pensil
âœ’ï¸,Ujung Pena Berwarna Hitam
ğŸ–‹ï¸,Pulpen
ğŸ–Šï¸,Pena
ğŸ–Œï¸,Kuas Lukis
ğŸ–ï¸,Krayon
ğŸ“,Memo
ğŸ“…,Kalender
ğŸ“†,Kalender Sobek
ğŸ“ª,Kotak Surat Tertutup dengan Bendera Turun
ğŸ“«,Kotak Surat Tertutup dengan Bendera Terangkat
ğŸ“®,Kotak Pos
ğŸ“¤,Baki Kotak Keluar
ğŸ“¬,Kotak Surat Terbuka dengan Bendera Terangkat
ğŸ“­,Kotak Surat Terbuka dengan Bendera Turun
ğŸ“¥,Baki Kotak Masuk
ğŸ—³ï¸,Kotak Suara dengan Surat Suara
ğŸ“,Folder Berkas
ğŸ“‚,Folder Berkas yang Terbuka
ğŸ§®,Sempoa
ğŸ§¨,Petasan
ğŸŠ,Bola Konfeti
ğŸ,Bendera Ikan Koi
ğŸ§§,Amplop Merah
ğŸ§¸,Boneka Beruang
ğŸ§¿,Jimat Nazar
ğŸ—‚ï¸,Pembagi Indeks Kartu
ğŸ—“ï¸,Kalender Spiral
ğŸ—’ï¸,Buku Catatan Spiral
ğŸ“Š,Grafik Batang
ğŸ“‡,Indeks Kartu
ğŸ“‹,Papan Klip
ğŸ“,Klip Kertas
ğŸ“Œ,Pin
ğŸ“,Pin Bundar
ğŸ“,Penggaris Lurus
âœ‚ï¸,Gunting
ğŸ“,Penggaris Segitiga
ğŸ—„ï¸,Lemari Arsip
ğŸ—ƒï¸,Kotak Berkas Kartu
ğŸ—‘ï¸,Keranjang Sampah
ğŸ”’,Terkunci
ğŸ”“,Tak Terkunci
ğŸ”‘,Kunci
ğŸ”,Terkunci dengan Pena
ğŸ—ï¸,Kunci Tua
ğŸ”,Terkunci dengan Kunci
ğŸ—¡ï¸,Pisau Belati
ğŸ”¨,Palu
âš”ï¸,Pedang yang Bersilangan
ğŸ”«,Pistol
ğŸ›¡ï¸,Tameng
ğŸ”§,Kunci Inggris
ğŸ—œï¸,Klem
âš™ï¸,Roda Gigi
ğŸ”—,Tautan
ğŸ”©,Mur dan Baut
â›“ï¸,Rantai
â›ï¸,Pencungkil
âš–ï¸,Timbangan Keseimbangan
ğŸ› ï¸,Palu dan Kunci Inggris
ğŸ§°,Kotak Perkakas
ğŸ§²,Magnet
âš—ï¸,Alembik
ğŸ§ª,Tabung Reaksi
ğŸ§¬,DNA
ğŸ”¬,Mikroskop
ğŸ§«,Cawan Petri
ğŸ’‰,Jarum Suntik
ğŸ’Š,Pil
ğŸšª,Pintu
ğŸ›ï¸,Ranjang
ğŸ”­,Teleskop
ğŸ›‹ï¸,Sofa dan Lampu
ğŸš¿,Pancuran
ğŸš½,Toilet
ğŸ“¡,Antena Satelit
ğŸ§´,Botol Losion
ğŸ§¼,Sabun
ğŸ§º,Keranjang
ğŸ§»,Gulungan Tisu
ğŸ›,Bak Mandi
âš°ï¸,Peti Mati
âš±ï¸,Guci Pemakaman
ğŸ§¯,Pemadam Api
ğŸ§·,Peniti
ğŸ§¹,Sapu
ğŸš¬,Rokok
ğŸ’Œ,Surat Cinta
ğŸ•³ï¸,Lubang
ğŸ’£,Bom
ğŸ›€,Orang Sedang Mandi
ğŸ–‡ï¸,Klip Kertas yang Tersambung
ğŸ§³,Koper
ğŸ§±,Batu Bata
ğŸ§­,Kompas
ğŸ•°ï¸,Jam Mantel
ğŸ“Ÿ,Radio Panggil
ğŸ›Œ,Orang di Ranjang
âŒ›,Jam Pasir Berhenti
â³,Jam Pasir Belum Berhenti
ğŸ‰,Petasan Pesta
ğŸ“§,Surel
ğŸï¸,Film
ğŸ§¾,Tanda Terima
â±ï¸,Jam Sukat
ğŸ•¹ï¸,Tuas Kendali
âš’ï¸,Palu dan Pahat
